﻿"SeriesCode","Year","DESCRIPTION",
"SP.DYN.AMRT.MA","YR1960","Interpolated using data for 1957 and 1962, if the data source is United Nations World Population Prospects.",
"SP.DYN.AMRT.FE","YR1960","Interpolated using data for 1957 and 1962, if the data source is United Nations World Population Prospects.",
"SP.DYN.TO65.MA.ZS","YR1960","Interpolated using data for 1957 and 1962.",
"SP.ADO.TFRT","YR1960","Interpolated using data for 1957 and 1962.",
"SP.DYN.TO65.FE.ZS","YR1960","Interpolated using data for 1957 and 1962.",
"SP.DYN.AMRT.MA","YR1961","Interpolated using data for 1957 and 1962, if the data source is United Nations World Population Prospects.",
"SP.DYN.AMRT.FE","YR1961","Interpolated using data for 1957 and 1962, if the data source is United Nations World Population Prospects.",
"SP.DYN.TO65.MA.ZS","YR1961","Interpolated using data for 1957 and 1962.",
"SP.ADO.TFRT","YR1961","Interpolated using data for 1957 and 1962.",
"SP.DYN.TO65.FE.ZS","YR1961","Interpolated using data for 1957 and 1962.",
"SP.POP.BRTH.MF","YR1962","The data refer to 1960-1965.",
"SM.POP.NETM","YR1962","The data refer to five-year periods running from 1 July, 1960 to 30 June, 1965.",
"SP.DYN.AMRT.MA","YR1962","The data refer to 1960-1965, if the data source is United Nations World Population Prospects.",
"SP.DYN.TO65.MA.ZS","YR1962","The data refer to 1960-1965.",
"SP.DYN.AMRT.FE","YR1962","The data refer to 1960-1965, if the data source is United Nations World Population Prospects.",
"SP.DYN.TO65.FE.ZS","YR1962","The data refer to 1960-1965.",
"SP.ADO.TFRT","YR1962","The data refer to 1960-1965.",
"SP.DYN.AMRT.MA","YR1963","Interpolated using data for 1962 and 1967, if the data source is United Nations World Population Prospects.",
"SP.DYN.AMRT.FE","YR1963","Interpolated using data for 1962 and 1967, if the data source is United Nations World Population Prospects.",
"SP.DYN.TO65.FE.ZS","YR1963","Interpolated using data for 1962 and 1967.",
"SP.DYN.TO65.MA.ZS","YR1963","Interpolated using data for 1962 and 1967.",
"SP.ADO.TFRT","YR1963","Interpolated using data for 1962 and 1967.",
"SP.DYN.AMRT.FE","YR1964","Interpolated using data for 1962 and 1967, if the data source is United Nations World Population Prospects.",
"SP.DYN.TO65.FE.ZS","YR1964","Interpolated using data for 1962 and 1967.",
"SP.DYN.TO65.MA.ZS","YR1964","Interpolated using data for 1962 and 1967.",
"SP.ADO.TFRT","YR1964","Interpolated using data for 1962 and 1967.",
"SP.DYN.AMRT.MA","YR1964","Interpolated using data for 1962 and 1967, if the data source is United Nations World Population Prospects.",
"SP.DYN.AMRT.FE","YR1965","Interpolated using data for 1962 and 1967, if the data source is United Nations World Population Prospects.",
"SP.DYN.TO65.MA.ZS","YR1965","Interpolated using data for 1962 and 1967.",
"SP.DYN.TO65.FE.ZS","YR1965","Interpolated using data for 1962 and 1967.",
"SP.DYN.AMRT.MA","YR1965","Interpolated using data for 1962 and 1967, if the data source is United Nations World Population Prospects.",
"SP.ADO.TFRT","YR1965","Interpolated using data for 1962 and 1967.",
"SP.DYN.AMRT.FE","YR1966","Interpolated using data for 1962 and 1967, if the data source is United Nations World Population Prospects.",
"SP.DYN.TO65.MA.ZS","YR1966","Interpolated using data for 1962 and 1967.",
"SP.DYN.TO65.FE.ZS","YR1966","Interpolated using data for 1962 and 1967.",
"SP.DYN.AMRT.MA","YR1966","Interpolated using data for 1962 and 1967, if the data source is United Nations World Population Prospects.",
"SP.ADO.TFRT","YR1966","Interpolated using data for 1962 and 1967.",
"SP.DYN.AMRT.FE","YR1967","The data refer to 1965-1970, if the data source is United Nations World Population Prospects.",
"SP.DYN.AMRT.MA","YR1967","The data refer to 1965-1970, if the data source is United Nations World Population Prospects.",
"SP.ADO.TFRT","YR1967","The data refer to 1965-1970.",
"SM.POP.NETM","YR1967","The data refer to five-year periods running from 1 July, 1965 to 30 June, 1970.",
"SP.DYN.TO65.FE.ZS","YR1967","The data refer to 1965-1970.",
"SP.DYN.TO65.MA.ZS","YR1967","The data refer to 1965-1970.",
"SP.POP.BRTH.MF","YR1967","The data refer to 1965-1970.",
"SP.DYN.AMRT.MA","YR1968","Interpolated using data for 1967 and 1972, if the data source is United Nations World Population Prospects.",
"SP.DYN.TO65.FE.ZS","YR1968","Interpolated using data for 1967 and 1972.",
"SP.DYN.AMRT.FE","YR1968","Interpolated using data for 1967 and 1972, if the data source is United Nations World Population Prospects.",
"SP.DYN.TO65.MA.ZS","YR1968","Interpolated using data for 1967 and 1972.",
"SP.ADO.TFRT","YR1968","Interpolated using data for 1967 and 1972.",
"SP.DYN.AMRT.FE","YR1969","Interpolated using data for 1967 and 1972, if the data source is United Nations World Population Prospects.",
"SP.DYN.AMRT.MA","YR1969","Interpolated using data for 1967 and 1972, if the data source is United Nations World Population Prospects.",
"SP.ADO.TFRT","YR1969","Interpolated using data for 1967 and 1972.",
"SP.DYN.TO65.FE.ZS","YR1969","Interpolated using data for 1967 and 1972.",
"SP.DYN.TO65.MA.ZS","YR1969","Interpolated using data for 1967 and 1972.",
"SP.DYN.AMRT.FE","YR1970","Interpolated using data for 1967 and 1972, if the data source is United Nations World Population Prospects.",
"SP.DYN.AMRT.MA","YR1970","Interpolated using data for 1967 and 1972, if the data source is United Nations World Population Prospects.",
"SP.DYN.TO65.FE.ZS","YR1970","Interpolated using data for 1967 and 1972.",
"SP.ADO.TFRT","YR1970","Interpolated using data for 1967 and 1972.",
"SP.DYN.TO65.MA.ZS","YR1970","Interpolated using data for 1967 and 1972.",
"SP.DYN.AMRT.MA","YR1971","Interpolated using data for 1967 and 1972, if the data source is United Nations World Population Prospects.",
"SP.DYN.AMRT.FE","YR1971","Interpolated using data for 1967 and 1972, if the data source is United Nations World Population Prospects.",
"SP.DYN.TO65.FE.ZS","YR1971","Interpolated using data for 1967 and 1972.",
"SP.ADO.TFRT","YR1971","Interpolated using data for 1967 and 1972.",
"SP.DYN.TO65.MA.ZS","YR1971","Interpolated using data for 1967 and 1972.",
"SP.DYN.AMRT.MA","YR1972","The data refer to 1970-1975, if the data source is United Nations World Population Prospects.",
"SP.DYN.AMRT.FE","YR1972","The data refer to 1970-1975, if the data source is United Nations World Population Prospects.",
"SP.DYN.TO65.FE.ZS","YR1972","The data refer to 1970-1975.",
"SP.ADO.TFRT","YR1972","The data refer to 1970-1975.",
"SP.DYN.TO65.MA.ZS","YR1972","The data refer to 1970-1975.",
"SP.POP.BRTH.MF","YR1972","The data refer to 1970-1975.",
"SM.POP.NETM","YR1972","The data refer to five-year periods running from 1 July, 1970 to 30 June, 1975.",
"SP.DYN.AMRT.MA","YR1973","Interpolated using data for 1972 and 1977, if the data source is United Nations World Population Prospects.",
"SP.DYN.AMRT.FE","YR1973","Interpolated using data for 1972 and 1977, if the data source is United Nations World Population Prospects.",
"SP.DYN.TO65.FE.ZS","YR1973","Interpolated using data for 1972 and 1977.",
"SP.ADO.TFRT","YR1973","Interpolated using data for 1972 and 1977.",
"SP.DYN.TO65.MA.ZS","YR1973","Interpolated using data for 1972 and 1977.",
"SP.ADO.TFRT","YR1974","Interpolated using data for 1972 and 1977.",
"SP.DYN.TO65.MA.ZS","YR1974","Interpolated using data for 1972 and 1977.",
"SP.DYN.AMRT.FE","YR1974","Interpolated using data for 1972 and 1977, if the data source is United Nations World Population Prospects.",
"SP.DYN.TO65.FE.ZS","YR1974","Interpolated using data for 1972 and 1977.",
"SP.DYN.AMRT.MA","YR1974","Interpolated using data for 1972 and 1977, if the data source is United Nations World Population Prospects.",
"SP.ADO.TFRT","YR1975","Interpolated using data for 1972 and 1977.",
"SP.DYN.TO65.MA.ZS","YR1975","Interpolated using data for 1972 and 1977.",
"SP.DYN.AMRT.FE","YR1975","Interpolated using data for 1972 and 1977, if the data source is United Nations World Population Prospects.",
"SP.DYN.AMRT.MA","YR1975","Interpolated using data for 1972 and 1977, if the data source is United Nations World Population Prospects.",
"SP.DYN.TO65.FE.ZS","YR1975","Interpolated using data for 1972 and 1977.",
"SP.ADO.TFRT","YR1976","Interpolated using data for 1972 and 1977.",
"SP.DYN.TO65.MA.ZS","YR1976","Interpolated using data for 1972 and 1977.",
"SP.DYN.AMRT.FE","YR1976","Interpolated using data for 1972 and 1977, if the data source is United Nations World Population Prospects.",
"SP.DYN.AMRT.MA","YR1976","Interpolated using data for 1972 and 1977, if the data source is United Nations World Population Prospects.",
"SP.DYN.TO65.FE.ZS","YR1976","Interpolated using data for 1972 and 1977.",
"SP.POP.BRTH.MF","YR1977","The data refer to 1975-1980.",
"SP.ADO.TFRT","YR1977","The data refer to 1975-1980.",
"SP.DYN.TO65.MA.ZS","YR1977","The data refer to 1975-1980.",
"SM.POP.NETM","YR1977","The data refer to five-year periods running from 1 July, 1975 to 30 June, 1980.",
"SP.DYN.AMRT.FE","YR1977","The data refer to 1975-1980, if the data source is United Nations World Population Prospects.",
"SP.DYN.AMRT.MA","YR1977","The data refer to 1975-1980, if the data source is United Nations World Population Prospects.",
"SP.DYN.TO65.FE.ZS","YR1977","The data refer to 1975-1980.",
"SP.ADO.TFRT","YR1978","Interpolated using data for 1977 and 1982.",
"SP.DYN.TO65.MA.ZS","YR1978","Interpolated using data for 1977 and 1982.",
"SP.DYN.AMRT.FE","YR1978","Interpolated using data for 1977 and 1982, if the data source is United Nations World Population Prospects.",
"SP.DYN.AMRT.MA","YR1978","Interpolated using data for 1977 and 1982, if the data source is United Nations World Population Prospects.",
"SP.DYN.TO65.FE.ZS","YR1978","Interpolated using data for 1977 and 1982.",
"SP.ADO.TFRT","YR1979","Interpolated using data for 1977 and 1982.",
"SP.DYN.AMRT.FE","YR1979","Interpolated using data for 1977 and 1982, if the data source is United Nations World Population Prospects.",
"SP.DYN.AMRT.MA","YR1979","Interpolated using data for 1977 and 1982, if the data source is United Nations World Population Prospects.",
"SP.DYN.TO65.FE.ZS","YR1979","Interpolated using data for 1977 and 1982.",
"SP.DYN.TO65.MA.ZS","YR1979","Interpolated using data for 1977 and 1982.",
"SP.DYN.TO65.FE.ZS","YR1980","Interpolated using data for 1977 and 1982.",
"SP.ADO.TFRT","YR1980","Interpolated using data for 1977 and 1982.",
"SP.DYN.AMRT.MA","YR1980","Interpolated using data for 1977 and 1982, if the data source is United Nations World Population Prospects.",
"SP.DYN.AMRT.FE","YR1980","Interpolated using data for 1977 and 1982, if the data source is United Nations World Population Prospects.",
"SP.DYN.TO65.MA.ZS","YR1980","Interpolated using data for 1977 and 1982.",
"SP.DYN.TO65.FE.ZS","YR1981","Interpolated using data for 1977 and 1982.",
"SP.ADO.TFRT","YR1981","Interpolated using data for 1977 and 1982.",
"SP.DYN.AMRT.MA","YR1981","Interpolated using data for 1977 and 1982, if the data source is United Nations World Population Prospects.",
"SP.DYN.AMRT.FE","YR1981","Interpolated using data for 1977 and 1982, if the data source is United Nations World Population Prospects.",
"SP.DYN.TO65.MA.ZS","YR1981","Interpolated using data for 1977 and 1982.",
"SP.DYN.TO65.FE.ZS","YR1982","The data refer to 1980-1985.",
"SP.ADO.TFRT","YR1982","The data refer to 1980-1985.",
"SP.POP.BRTH.MF","YR1982","The data refer to 1980-1985.",
"SM.POP.NETM","YR1982","The data refer to five-year periods running from 1 July, 1980 to 30 June, 1985.",
"SP.DYN.AMRT.FE","YR1982","The data refer to 1980-1985, if the data source is United Nations World Population Prospects.",
"SP.DYN.AMRT.MA","YR1982","The data refer to 1980-1985, if the data source is United Nations World Population Prospects.",
"SP.DYN.TO65.MA.ZS","YR1982","The data refer to 1980-1985.",
"SP.DYN.TO65.FE.ZS","YR1983","Interpolated using data for 1982 and 1987.",
"SP.ADO.TFRT","YR1983","Interpolated using data for 1982 and 1987.",
"SP.DYN.AMRT.FE","YR1983","Interpolated using data for 1982 and 1987, if the data source is United Nations World Population Prospects.",
"SP.DYN.AMRT.MA","YR1983","Interpolated using data for 1982 and 1987, if the data source is United Nations World Population Prospects.",
"SP.DYN.TO65.MA.ZS","YR1983","Interpolated using data for 1982 and 1987.",
"SP.DYN.TO65.FE.ZS","YR1984","Interpolated using data for 1982 and 1987.",
"SP.ADO.TFRT","YR1984","Interpolated using data for 1982 and 1987.",
"SP.DYN.AMRT.FE","YR1984","Interpolated using data for 1982 and 1987, if the data source is United Nations World Population Prospects.",
"SP.DYN.AMRT.MA","YR1984","Interpolated using data for 1982 and 1987, if the data source is United Nations World Population Prospects.",
"SP.DYN.TO65.MA.ZS","YR1984","Interpolated using data for 1982 and 1987.",
"SP.ADO.TFRT","YR1985","Interpolated using data for 1982 and 1987.",
"SP.DYN.AMRT.FE","YR1985","Interpolated using data for 1982 and 1987, if the data source is United Nations World Population Prospects.",
"SP.DYN.TO65.MA.ZS","YR1985","Interpolated using data for 1982 and 1987.",
"SP.DYN.AMRT.MA","YR1985","Interpolated using data for 1982 and 1987, if the data source is United Nations World Population Prospects.",
"SP.DYN.TO65.FE.ZS","YR1985","Interpolated using data for 1982 and 1987.",
"SP.DYN.AMRT.MA","YR1986","Interpolated using data for 1982 and 1987, if the data source is United Nations World Population Prospects.",
"SP.DYN.TO65.MA.ZS","YR1986","Interpolated using data for 1982 and 1987.",
"SP.DYN.AMRT.FE","YR1986","Interpolated using data for 1982 and 1987, if the data source is United Nations World Population Prospects.",
"SP.DYN.TO65.FE.ZS","YR1986","Interpolated using data for 1982 and 1987.",
"SP.ADO.TFRT","YR1986","Interpolated using data for 1982 and 1987.",
"SP.DYN.AMRT.MA","YR1987","The data refer to 1985-1990, if the data source is United Nations World Population Prospects.",
"SP.DYN.TO65.MA.ZS","YR1987","The data refer to 1985-1990.",
"SM.POP.NETM","YR1987","The data refer to five-year periods running from 1 July, 1985 to 30 June, 1990.",
"SP.DYN.AMRT.FE","YR1987","The data refer to 1985-1990, if the data source is United Nations World Population Prospects.",
"SP.POP.BRTH.MF","YR1987","The data refer to 1985-1990.",
"SP.DYN.TO65.FE.ZS","YR1987","The data refer to 1985-1990.",
"SP.ADO.TFRT","YR1987","The data refer to 1985-1990.",
"SP.DYN.AMRT.MA","YR1988","Interpolated using data for 1987 and 1992, if the data source is United Nations World Population Prospects.",
"SP.DYN.TO65.MA.ZS","YR1988","Interpolated using data for 1987 and 1992.",
"SP.DYN.AMRT.FE","YR1988","Interpolated using data for 1987 and 1992, if the data source is United Nations World Population Prospects.",
"SP.DYN.TO65.FE.ZS","YR1988","Interpolated using data for 1987 and 1992.",
"SP.ADO.TFRT","YR1988","Interpolated using data for 1987 and 1992.",
"SP.DYN.AMRT.MA","YR1989","Interpolated using data for 1987 and 1992, if the data source is United Nations World Population Prospects.",
"SP.DYN.TO65.MA.ZS","YR1989","Interpolated using data for 1987 and 1992.",
"SP.DYN.AMRT.FE","YR1989","Interpolated using data for 1987 and 1992, if the data source is United Nations World Population Prospects.",
"SP.DYN.TO65.FE.ZS","YR1989","Interpolated using data for 1987 and 1992.",
"SP.ADO.TFRT","YR1989","Interpolated using data for 1987 and 1992.",
"SP.DYN.AMRT.MA","YR1990","Interpolated using data for 1987 and 1992, if the data source is United Nations World Population Prospects.",
"SP.DYN.TO65.MA.ZS","YR1990","Interpolated using data for 1987 and 1992.",
"SP.DYN.CONM.ZS","YR1990","Averages for regions/groups are based on country-level data around 1990.",
"SP.DYN.AMRT.FE","YR1990","Interpolated using data for 1987 and 1992, if the data source is United Nations World Population Prospects.",
"SP.DYN.WFRT","YR1990","Averages for regions/groups are based on country-level data around 1990.",
"SP.POP.BRTH.MF","YR1990","Interpolated using data for 1987 and 1992.",
"SP.DYN.CONU.ZS","YR1990","Averages for regions/groups are based on country-level data around 1990.",
"SP.REG.DTHS.ZS","YR1990","Averages for regions/groups are based on country-level data around 1990.",
"SP.UWT.TFRT","YR1990","Averages for regions/groups are based on country-level data around 1990.",
"SP.DYN.TO65.FE.ZS","YR1990","Interpolated using data for 1987 and 1992.",
"SH.STA.BRTC.ZS","YR1990","Averages for regions/groups are based on country-level data around 1990.",
"SP.ADO.TFRT","YR1990","Interpolated using data for 1987 and 1992.",
"SH.STA.ORCF.ZS","YR1990","Averages for regions/groups are based on country-level data around 1990.",
"SH.STA.BFED.ZS","YR1990","Averages for regions/groups are based on country-level data around 1990.",
"SH.MED.CMHW.P3","YR1990","Averages for regions/groups are based on country-level data around 1990.",
"SH.STA.ARIC.ZS","YR1990","Averages for regions/groups are based on country-level data around 1990.",
"SH.STA.ANVC.ZS","YR1990","Averages for regions/groups are based on country-level data around 1990.",
"SH.MED.PHYS.ZS","YR1990","Averages for regions/groups are based on country-level data around 1990.",
"SH.MED.NUMW.P3","YR1990","Averages for regions/groups are based on country-level data around 1990.",
"SH.FPL.SATM.ZS","YR1990","Averages for regions/groups are based on country-level data around 1990.",
"SP.DYN.TO65.MA.ZS","YR1991","Interpolated using data for 1987 and 1992.",
"SP.DYN.TO65.FE.ZS","YR1991","Interpolated using data for 1987 and 1992.",
"SP.DYN.AMRT.MA","YR1991","Interpolated using data for 1987 and 1992, if the data source is United Nations World Population Prospects.",
"SP.ADO.TFRT","YR1991","Interpolated using data for 1987 and 1992.",
"SP.DYN.AMRT.FE","YR1991","Interpolated using data for 1987 and 1992, if the data source is United Nations World Population Prospects.",
"SP.DYN.TO65.FE.ZS","YR1992","The data refer to 1990-1995.",
"SP.DYN.AMRT.MA","YR1992","The data refer to 1990-1995, if the data source is United Nations World Population Prospects.",
"SP.DYN.AMRT.FE","YR1992","The data refer to 1990-1995, if the data source is United Nations World Population Prospects.",
"SM.POP.NETM","YR1992","The data refer to five-year periods running from 1 July, 1990 to 30 June, 1995.",
"SP.POP.BRTH.MF","YR1992","The data refer to 1990-1995.",
"SP.DYN.TO65.MA.ZS","YR1992","The data refer to 1990-1995.",
"SP.ADO.TFRT","YR1992","The data refer to 1990-1995.",
"SP.DYN.AMRT.FE","YR1993","Interpolated using data for 1992 and 1997, if the data source is United Nations World Population Prospects.",
"SP.DYN.AMRT.MA","YR1993","Interpolated using data for 1992 and 1997, if the data source is United Nations World Population Prospects.",
"SP.DYN.TO65.FE.ZS","YR1993","Interpolated using data for 1992 and 1997.",
"SP.DYN.TO65.MA.ZS","YR1993","Interpolated using data for 1992 and 1997.",
"SP.ADO.TFRT","YR1993","Interpolated using data for 1992 and 1997.",
"SP.DYN.AMRT.FE","YR1994","Interpolated using data for 1992 and 1997, if the data source is United Nations World Population Prospects.",
"SP.DYN.AMRT.MA","YR1994","Interpolated using data for 1992 and 1997, if the data source is United Nations World Population Prospects.",
"SP.DYN.TO65.FE.ZS","YR1994","Interpolated using data for 1992 and 1997.",
"SP.DYN.TO65.MA.ZS","YR1994","Interpolated using data for 1992 and 1997.",
"SP.ADO.TFRT","YR1994","Interpolated using data for 1992 and 1997.",
"SP.DYN.AMRT.FE","YR1995","Interpolated using data for 1992 and 1997, if the data source is United Nations World Population Prospects.",
"SP.DYN.TO65.FE.ZS","YR1995","Interpolated using data for 1992 and 1997.",
"SP.ADO.TFRT","YR1995","Interpolated using data for 1992 and 1997.",
"SP.DYN.AMRT.MA","YR1995","Interpolated using data for 1992 and 1997, if the data source is United Nations World Population Prospects.",
"SP.DYN.TO65.MA.ZS","YR1995","Interpolated using data for 1992 and 1997.",
"SP.ADO.TFRT","YR1996","Interpolated using data for 1992 and 1997.",
"SP.DYN.AMRT.FE","YR1996","Interpolated using data for 1992 and 1997, if the data source is United Nations World Population Prospects.",
"SP.DYN.AMRT.MA","YR1996","Interpolated using data for 1992 and 1997, if the data source is United Nations World Population Prospects.",
"SP.DYN.TO65.FE.ZS","YR1996","Interpolated using data for 1992 and 1997.",
"SP.DYN.TO65.MA.ZS","YR1996","Interpolated using data for 1992 and 1997.",
"SP.DYN.AMRT.FE","YR1997","The data refer to 1995-2000, if the data source is United Nations World Population Prospects.",
"SP.ADO.TFRT","YR1997","The data refer to 1995-2000.",
"SP.DYN.AMRT.MA","YR1997","The data refer to 1995-2000, if the data source is United Nations World Population Prospects.",
"SP.DYN.TO65.MA.ZS","YR1997","The data refer to 1995-2000.",
"SM.POP.NETM","YR1997","The data refer to five-year periods running from 1 July, 1995 to 30 June, 2000.",
"SP.POP.BRTH.MF","YR1997","The data refer to 1995-2000.",
"SP.DYN.TO65.FE.ZS","YR1997","The data refer to 1995-2000.",
"SP.DYN.AMRT.FE","YR1998","Interpolated using data for 1997 and 2002, if the data source is United Nations World Population Prospects.",
"SP.DYN.AMRT.MA","YR1998","Interpolated using data for 1997 and 2002, if the data source is United Nations World Population Prospects.",
"SP.DYN.TO65.FE.ZS","YR1998","Interpolated using data for 1997 and 2002.",
"SP.DYN.TO65.MA.ZS","YR1998","Interpolated using data for 1997 and 2002.",
"SP.ADO.TFRT","YR1998","Interpolated using data for 1997 and 2002.",
"SP.DYN.TO65.FE.ZS","YR1999","Interpolated using data for 1997 and 2002.",
"SP.DYN.AMRT.MA","YR1999","Interpolated using data for 1997 and 2002, if the data source is United Nations World Population Prospects.",
"SP.DYN.TO65.MA.ZS","YR1999","Interpolated using data for 1997 and 2002.",
"SP.ADO.TFRT","YR1999","Interpolated using data for 1997 and 2002.",
"SP.DYN.AMRT.FE","YR1999","Interpolated using data for 1997 and 2002, if the data source is United Nations World Population Prospects.",
"SH.MED.PHYS.ZS","YR2000","Averages for regions/groups are based on country-level data around 2000.",
"SP.DYN.TO65.FE.ZS","YR2000","Interpolated using data for 1997 and 2002.",
"SP.DYN.CONM.ZS","YR2000","Averages for regions/groups are based on country-level data around 2000.",
"SP.DYN.CONU.ZS","YR2000","Averages for regions/groups are based on country-level data around 2000.",
"SH.MLR.TRET.ZS","YR2000","Averages for regions/groups are based on country-level data around 2000.",
"SH.STA.ANVC.ZS","YR2000","Averages for regions/groups are based on country-level data around 2000.",
"SH.STA.ARIC.ZS","YR2000","Averages for regions/groups are based on country-level data around 2000.",
"SH.MLR.NETS.ZS","YR2000","Averages for regions/groups are based on country-level data around 2000.",
"SP.DYN.AMRT.MA","YR2000","Interpolated using data for 1997 and 2002, if the data source is United Nations World Population Prospects.",
"SP.REG.DTHS.ZS","YR2000","Averages for regions/groups are based on country-level data around 2000.",
"SP.UWT.TFRT","YR2000","Averages for regions/groups are based on country-level data around 2000.",
"SH.CON.1524.MA.ZS","YR2000","Averages for regions/groups are based on country-level data around 2000.",
"SH.CON.1524.FE.ZS","YR2000","Averages for regions/groups are based on country-level data around 2000.",
"SH.MED.CMHW.P3","YR2000","Averages for regions/groups are based on country-level data around 2000.",
"SH.MED.NUMW.P3","YR2000","Averages for regions/groups are based on country-level data around 2000.",
"SH.STA.BFED.ZS","YR2000","Averages for regions/groups are based on country-level data around 2000.",
"SH.STA.BRTC.ZS","YR2000","Averages for regions/groups are based on country-level data around 2000.",
"SH.FPL.SATM.ZS","YR2000","Averages for regions/groups are based on country-level data around 2000.",
"SP.DYN.AMRT.FE","YR2000","Interpolated using data for 1997 and 2002, if the data source is United Nations World Population Prospects.",
"SH.STA.ORCF.ZS","YR2000","Averages for regions/groups are based on country-level data around 2000.",
"SP.REG.BRTH.ZS","YR2000","Averages for regions/groups are based on country-level data around 2000.",
"SP.DYN.WFRT","YR2000","Averages for regions/groups are based on country-level data around 2000.",
"SP.DYN.TO65.MA.ZS","YR2000","Interpolated using data for 1997 and 2002.",
"SP.ADO.TFRT","YR2000","Interpolated using data for 1997 and 2002.",
"SN.ITK.SALT.ZS","YR2000","Averages for regions/groups are based on country-level data around 2000.",
"SP.DYN.AMRT.MA","YR2001","Interpolated using data for 1997 and 2002, if the data source is United Nations World Population Prospects.",
"SP.DYN.AMRT.FE","YR2001","Interpolated using data for 1997 and 2002, if the data source is United Nations World Population Prospects.",
"SP.ADO.TFRT","YR2001","Interpolated using data for 1997 and 2002.",
"SP.DYN.TO65.MA.ZS","YR2001","Interpolated using data for 1997 and 2002.",
"SP.DYN.TO65.FE.ZS","YR2001","Interpolated using data for 1997 and 2002.",
"IC.FRM.CRIM.ZS","YR2002","The sample was drawn from the manufacturing sector only.",
"IC.FRM.FEMO.ZS","YR2002","The sample was drawn from the manufacturing sector only.",
"IC.FRM.DURS","YR2002","The sample was drawn from the manufacturing sector only.",
"IC.FRM.FREG.ZS","YR2002","The sample was drawn from the manufacturing sector only.",
"IC.FRM.CORR.ZS","YR2002","The sample was drawn from the manufacturing sector only.",
"SP.DYN.AMRT.MA","YR2002","The data refer to 2000-2005, if the data source is United Nations World Population Prospects.",
"SP.POP.BRTH.MF","YR2002","The data refer to 2000-2005.",
"SP.DYN.AMRT.FE","YR2002","The data refer to 2000-2005, if the data source is United Nations World Population Prospects.",
"IC.GOV.DURS.ZS","YR2002","The sample was drawn from the manufacturing sector only.",
"IC.TAX.METG","YR2002","The sample was drawn from the manufacturing sector only.",
"SP.ADO.TFRT","YR2002","The data refer to 2000-2005.",
"IC.FRM.TRNG.ZS","YR2002","The sample was drawn from the manufacturing sector only.",
"IC.FRM.OUTG.ZS","YR2002","The sample was drawn from the manufacturing sector only.",
"SP.DYN.TO65.MA.ZS","YR2002","The data refer to 2000-2005.",
"IC.FRM.BNKS.ZS","YR2002","The sample was drawn from the manufacturing sector only.",
"SM.POP.NETM","YR2002","The data refer to five-year periods running from 1 July, 2000 to 30 June, 2005.",
"SP.DYN.TO65.FE.ZS","YR2002","The data refer to 2000-2005.",
"IC.CUS.DURS.EX","YR2002","The sample was drawn from the manufacturing sector only.",
"SP.DYN.AMRT.MA","YR2003","Interpolated using data for 2002 and 2007, if the data source is United Nations World Population Prospects.",
"SP.ADO.TFRT","YR2003","Interpolated using data for 2002 and 2007.",
"SP.DYN.TO65.MA.ZS","YR2003","Interpolated using data for 2002 and 2007.",
"SP.DYN.TO65.FE.ZS","YR2003","Interpolated using data for 2002 and 2007.",
"IC.CUS.DURS.EX","YR2003","The sample was drawn from the manufacturing sector only.",
"IC.FRM.BNKS.ZS","YR2003","The sample was drawn from the manufacturing sector only.",
"IC.FRM.CORR.ZS","YR2003","The sample was drawn from the manufacturing sector only.",
"IC.FRM.FEMO.ZS","YR2003","The sample was drawn from the manufacturing sector only.",
"IC.FRM.FREG.ZS","YR2003","The sample was drawn from the manufacturing sector only.",
"IC.FRM.CRIM.ZS","YR2003","The sample was drawn from the manufacturing sector only.",
"IC.FRM.OUTG.ZS","YR2003","The sample was drawn from the manufacturing sector only.",
"IC.FRM.TRNG.ZS","YR2003","The sample was drawn from the manufacturing sector only.",
"IC.GOV.DURS.ZS","YR2003","The sample was drawn from the manufacturing sector only.",
"IC.TAX.METG","YR2003","The sample was drawn from the manufacturing sector only.",
"IC.FRM.DURS","YR2003","The sample was drawn from the manufacturing sector only.",
"SP.DYN.AMRT.FE","YR2003","Interpolated using data for 2002 and 2007, if the data source is United Nations World Population Prospects.",
"IC.FRM.CORR.ZS","YR2004","The sample was drawn from the manufacturing sector only.",
"SP.DYN.TO65.MA.ZS","YR2004","Interpolated using data for 2002 and 2007.",
"IC.FRM.DURS","YR2004","The sample was drawn from the manufacturing sector only.",
"IC.CUS.DURS.EX","YR2004","The sample was drawn from the manufacturing sector only.",
"SP.DYN.TO65.FE.ZS","YR2004","Interpolated using data for 2002 and 2007.",
"IC.FRM.CRIM.ZS","YR2004","The sample was drawn from the manufacturing sector only.",
"IC.FRM.FREG.ZS","YR2004","The sample was drawn from the manufacturing sector only.",
"IC.FRM.OUTG.ZS","YR2004","The sample was drawn from the manufacturing sector only.",
"IC.FRM.FEMO.ZS","YR2004","The sample was drawn from the manufacturing sector only.",
"IC.GOV.DURS.ZS","YR2004","The sample was drawn from the manufacturing sector only.",
"IC.FRM.TRNG.ZS","YR2004","The sample was drawn from the manufacturing sector only.",
"IC.TAX.METG","YR2004","The sample was drawn from the manufacturing sector only.",
"SP.ADO.TFRT","YR2004","Interpolated using data for 2002 and 2007.",
"SP.DYN.AMRT.MA","YR2004","Interpolated using data for 2002 and 2007, if the data source is United Nations World Population Prospects.",
"SP.DYN.AMRT.FE","YR2004","Interpolated using data for 2002 and 2007, if the data source is United Nations World Population Prospects.",
"IC.FRM.BNKS.ZS","YR2004","The sample was drawn from the manufacturing sector only.",
"IC.FRM.CORR.ZS","YR2005","The sample was drawn from the manufacturing sector only.",
"IC.FRM.CRIM.ZS","YR2005","The sample was drawn from the manufacturing sector only.",
"IC.FRM.FEMO.ZS","YR2005","The sample was drawn from the manufacturing sector only.",
"IC.GOV.DURS.ZS","YR2005","The sample was drawn from the manufacturing sector only.",
"SP.DYN.AMRT.FE","YR2005","Interpolated using data for 2002 and 2007, if the data source is United Nations World Population Prospects.",
"SP.DYN.AMRT.MA","YR2005","Interpolated using data for 2002 and 2007, if the data source is United Nations World Population Prospects.",
"IC.FRM.BNKS.ZS","YR2005","The sample was drawn from the manufacturing sector only.",
"SP.ADO.TFRT","YR2005","Interpolated using data for 2002 and 2007.",
"IC.TAX.METG","YR2005","The sample was drawn from the manufacturing sector only.",
"IC.FRM.TRNG.ZS","YR2005","The sample was drawn from the manufacturing sector only.",
"IC.FRM.OUTG.ZS","YR2005","The sample was drawn from the manufacturing sector only.",
"IC.FRM.FREG.ZS","YR2005","The sample was drawn from the manufacturing sector only.",
"SP.DYN.TO65.FE.ZS","YR2005","Interpolated using data for 2002 and 2007.",
"IC.CUS.DURS.EX","YR2005","The sample was drawn from the manufacturing sector only.",
"IC.FRM.DURS","YR2005","The sample was drawn from the manufacturing sector only.",
"SP.DYN.TO65.MA.ZS","YR2005","Interpolated using data for 2002 and 2007.",
"IC.GOV.DURS.ZS","YR2006","The sample was drawn from the manufacturing sector only.",
"IC.TAX.METG","YR2006","The sample was drawn from the manufacturing sector only.",
"IC.FRM.TRNG.ZS","YR2006","The sample was drawn from the manufacturing sector only.",
"SP.DYN.TO65.FE.ZS","YR2006","Interpolated using data for 2002 and 2007.",
"IC.FRM.FEMO.ZS","YR2006","The sample was drawn from the manufacturing sector only.",
"IC.FRM.OUTG.ZS","YR2006","The sample was drawn from the manufacturing sector only.",
"IC.FRM.FREG.ZS","YR2006","The sample was drawn from the manufacturing sector only.",
"SP.DYN.TO65.MA.ZS","YR2006","Interpolated using data for 2002 and 2007.",
"IC.CUS.DURS.EX","YR2006","The sample was drawn from the manufacturing sector only.",
"SP.DYN.AMRT.MA","YR2006","Interpolated using data for 2002 and 2007, if the data source is United Nations World Population Prospects.",
"IC.FRM.BNKS.ZS","YR2006","The sample was drawn from the manufacturing sector only.",
"IC.FRM.DURS","YR2006","The sample was drawn from the manufacturing sector only.",
"SP.ADO.TFRT","YR2006","Interpolated using data for 2002 and 2007.",
"IC.FRM.CRIM.ZS","YR2006","The sample was drawn from the manufacturing sector only.",
"SP.DYN.AMRT.FE","YR2006","Interpolated using data for 2002 and 2007, if the data source is United Nations World Population Prospects.",
"IC.FRM.CORR.ZS","YR2006","The sample was drawn from the manufacturing sector only.",
"SP.DYN.TO65.MA.ZS","YR2007","The data refer to 2005-2010.",
"IC.CUS.DURS.EX","YR2007","The sample was drawn from the manufacturing sector only.",
"IC.FRM.BNKS.ZS","YR2007","The sample was drawn from the manufacturing sector only.",
"IC.FRM.CRIM.ZS","YR2007","The sample was drawn from the manufacturing sector only.",
"SP.DYN.AMRT.MA","YR2007","The data refer to 2005-2010, if the data source is United Nations World Population Prospects.",
"SM.POP.NETM","YR2007","The data refer to five-year periods running from 1 July, 2005 to 30 June, 2010.",
"IC.FRM.OUTG.ZS","YR2007","The sample was drawn from the manufacturing sector only.",
"SP.ADO.TFRT","YR2007","The data refer to 2005-2010.",
"IC.FRM.TRNG.ZS","YR2007","The sample was drawn from the manufacturing sector only.",
"IQ.WEF.PORT.XQ","YR2007","Data are weighted averages for 2006 and 2007 survey results.",
"IC.GOV.DURS.ZS","YR2007","The sample was drawn from the manufacturing sector only.",
"IQ.WEF.CUST.XQ","YR2007","Data are weighted averages for 2006 and 2007 survey results.",
"IC.FRM.FEMO.ZS","YR2007","The sample was drawn from the manufacturing sector only.",
"IC.TAX.METG","YR2007","The sample was drawn from the manufacturing sector only.",
"SP.DYN.AMRT.FE","YR2007","The data refer to 2005-2010, if the data source is United Nations World Population Prospects.",
"SP.POP.BRTH.MF","YR2007","The data refer to 2005-2010.",
"IC.FRM.FREG.ZS","YR2007","The sample was drawn from the manufacturing sector only.",
"IC.FRM.CORR.ZS","YR2007","The sample was drawn from the manufacturing sector only.",
"IC.FRM.DURS","YR2007","The sample was drawn from the manufacturing sector only.",
"SP.DYN.TO65.FE.ZS","YR2007","The data refer to 2005-2010.",
"SP.DYN.TO65.MA.ZS","YR2008","Interpolated using data for 2007 and 2012.",
"SP.DYN.AMRT.MA","YR2008","Interpolated using data for 2007 and 2012, if the data source is United Nations World Population Prospects.",
"SP.ADO.TFRT","YR2008","Interpolated using data for 2007 and 2012.",
"SP.DYN.AMRT.FE","YR2008","Interpolated using data for 2007 and 2012, if the data source is United Nations World Population Prospects.",
"SP.POP.BRTH.MF","YR2008","Interpolated using data for 2007 and 2012.",
"IQ.WEF.CUST.XQ","YR2008","Data are weighted averages of 2007 and 2008 survey results.",
"IQ.WEF.PORT.XQ","YR2008","Data are weighted averages of 2007 and 2008 survey results.",
"SP.DYN.TO65.FE.ZS","YR2008","Interpolated using data for 2007 and 2012.",
"SP.DYN.TO65.MA.ZS","YR2009","Interpolated using data for 2007 and 2012.",
"SP.ADO.TFRT","YR2009","Interpolated using data for 2007 and 2012.",
"SP.DYN.AMRT.FE","YR2009","Interpolated using data for 2007 and 2012, if the data source is United Nations World Population Prospects.",
"SP.DYN.TO65.FE.ZS","YR2009","Interpolated using data for 2007 and 2012.",
"SP.DYN.AMRT.MA","YR2009","Interpolated using data for 2007 and 2012, if the data source is United Nations World Population Prospects.",
"IQ.WEF.PORT.XQ","YR2009","Data are weighted averages of 2008 and 2009 survey results.",
"IQ.WEF.CUST.XQ","YR2009","Data are weighted averages of 2008 and 2009 survey results.",
"SP.POP.BRTH.MF","YR2009","Interpolated using data for 2007 and 2012.",
"SP.DYN.TO65.MA.ZS","YR2010","Interpolated using data for 2007 and 2012.",
"SP.UWT.TFRT","YR2010","Averages for regions/groups are based on country-level data around 2010.",
"SP.DYN.CONU.ZS","YR2010","Averages for regions/groups are based on country-level data around 2010.",
"SH.MED.NUMW.P3","YR2010","Averages for regions/groups are based on country-level data around 2010.",
"SP.DYN.CONM.ZS","YR2010","Averages for regions/groups are based on country-level data around 2010.",
"SH.MLR.TRET.ZS","YR2010","Averages for regions/groups are based on country-level data around 2010.",
"SH.MLR.NETS.ZS","YR2010","Averages for regions/groups are based on country-level data around 2010.",
"SH.STA.ORCF.ZS","YR2010","Averages for regions/groups are based on country-level data around 2010.",
"SH.STA.BRTC.ZS","YR2010","Averages for regions/groups are based on country-level data around 2010.",
"SH.FPL.SATM.ZS","YR2010","Averages for regions/groups are based on country-level data around 2010.",
"SP.DYN.AMRT.MA","YR2010","Interpolated using data for 2007 and 2012, if the data source is United Nations World Population Prospects.",
"SP.ADO.TFRT","YR2010","Interpolated using data for 2007 and 2012.",
"SP.DYN.WFRT","YR2010","Averages for regions/groups are based on country-level data around 2010.",
"SP.DYN.AMRT.FE","YR2010","Interpolated using data for 2007 and 2012, if the data source is United Nations World Population Prospects.",
"SP.POP.BRTH.MF","YR2010","Interpolated using data for 2007 and 2012.",
"SN.ITK.SALT.ZS","YR2010","Averages for regions/groups are based on country-level data around 2010.",
"SH.STA.BFED.ZS","YR2010","Averages for regions/groups are based on country-level data around 2010.",
"SP.REG.BRTH.ZS","YR2010","Averages for regions/groups are based on country-level data around 2010.",
"SH.STA.ARIC.ZS","YR2010","Averages for regions/groups are based on country-level data around 2010.",
"SH.STA.ANVC.ZS","YR2010","Averages for regions/groups are based on country-level data around 2010.",
"SH.MED.PHYS.ZS","YR2010","Averages for regions/groups are based on country-level data around 2010.",
"SP.DYN.TO65.FE.ZS","YR2010","Interpolated using data for 2007 and 2012.",
"SP.DYN.AMRT.FE","YR2011","Interpolated using data for 2007 and 2012, if the data source is United Nations World Population Prospects.",
"SP.POP.BRTH.MF","YR2011","Interpolated using data for 2007 and 2012.",
"SP.ADO.TFRT","YR2011","Interpolated using data for 2007 and 2012.",
"SP.DYN.AMRT.MA","YR2011","Interpolated using data for 2007 and 2012, if the data source is United Nations World Population Prospects.",
"SN.ITK.VITA.ZS","YR2011","Full coverage with vitamin A supplements is reported as the lower percentage of 2 annual coverage points (i.e., lower point between round 1 (January–June) and round 2 (July–December) of 2011).",
"SP.DYN.TO65.MA.ZS","YR2011","Interpolated using data for 2007 and 2012.",
"SP.DYN.TO65.FE.ZS","YR2011","Interpolated using data for 2007 and 2012.",
"SH.CON.1524.MA.ZS","YR2012","Averages for regions/groups are based on most recent available country-level data (2008-).",
"SH.CON.1524.FE.ZS","YR2012","Averages for regions/groups are based on most recent available country-level data (2008-).",
"SP.DYN.AMRT.FE","YR2012","The data refer to 2010-2015, if the data source is United Nations World Population Prospects.",
"SP.ADO.TFRT","YR2012","The data refer to 2010-2015.",
"SP.POP.BRTH.MF","YR2012","The data refer to 2010-2015.",
"SP.DYN.AMRT.MA","YR2012","The data refer to 2010-2015, if the data source is United Nations World Population Prospects.",
"SN.ITK.VITA.ZS","YR2012","Full coverage with vitamin A supplements is reported as the lower percentage of 2 annual coverage points (i.e., lower point between round 1 (January–June) and round 2 (July–December) of 2012).",
"SM.POP.NETM","YR2012","The data refer to five-year periods running from 1 July, 2010 to 30 June, 2015.",
"SH.MED.CMHW.P3","YR2012","Averages for regions/groups are based on most recent available country-level data (2009-).",
"SP.DYN.TO65.FE.ZS","YR2012","The data refer to 2010-2015.",
"SP.DYN.TO65.MA.ZS","YR2012","The data refer to 2010-2015.",
"SP.DYN.AMRT.MA","YR2013","Interpolated using data for 2012 and 2017, if the data source is United Nations World Population Prospects.",
"SP.DYN.AMRT.FE","YR2013","Interpolated using data for 2012 and 2017, if the data source is United Nations World Population Prospects.",
"SP.ADO.TFRT","YR2013","Interpolated using data for 2012 and 2017.",
"SP.POP.BRTH.MF","YR2013","Interpolated using data for 2012 and 2017.",
"SN.ITK.VITA.ZS","YR2013","Full coverage with vitamin A supplements is reported as the lower percentage of 2 annual coverage points (i.e., lower point between semester 1 (January–June) and semester 2 (July–December) of 2013).  Data are only presented for VAS priority countries.",
"SP.DYN.TO65.FE.ZS","YR2013","Interpolated using data for 2012 and 2017.",
"SP.DYN.TO65.MA.ZS","YR2013","Interpolated using data for 2012 and 2017.",
"SP.DYN.AMRT.MA","YR2014","Interpolated using data for 2012 and 2017, if the data source is United Nations World Population Prospects.",
"SP.DYN.AMRT.FE","YR2014","Interpolated using data for 2012 and 2017, if the data source is United Nations World Population Prospects.",
"SP.ADO.TFRT","YR2014","Interpolated using data for 2012 and 2017.",
"SP.POP.BRTH.MF","YR2014","Interpolated using data for 2012 and 2017.",
"SP.DYN.TO65.FE.ZS","YR2014","Interpolated using data for 2012 and 2017.",
"SP.DYN.TO65.MA.ZS","YR2014","Interpolated using data for 2012 and 2017.",
"SP.ADO.TFRT","YR2015","Interpolated using data for 2012 and 2017.",
"SP.REG.DTHS.ZS","YR2015","Averages for regions/groups are based on most recent available country-level data (2008-).",
"SP.POP.BRTH.MF","YR2015","Interpolated using data for 2012 and 2017.",
"SP.DYN.TO65.MA.ZS","YR2015","Interpolated using data for 2012 and 2017.",
"SP.DYN.AMRT.MA","YR2015","Interpolated using data for 2012 and 2017, if the data source is United Nations World Population Prospects.",
"SP.DYN.TO65.FE.ZS","YR2015","Interpolated using data for 2012 and 2017.",
"SP.DYN.AMRT.FE","YR2015","Interpolated using data for 2012 and 2017, if the data source is United Nations World Population Prospects.",
"SH.FPL.SATM.ZS","YR2016","Averages for regions/groups are based on most recent available country-level data (2013-).",
"SP.REG.BRTH.ZS","YR2016","Averages for regions/groups are based on most recent available country-level data (2013-).",
"SP.DYN.AMRT.MA","YR2016","Interpolated using data for 2012 and 2017, if the data source is United Nations World Population Prospects.",
"SP.DYN.TO65.FE.ZS","YR2016","Interpolated using data for 2012 and 2017.",
"SP.POP.BRTH.MF","YR2016","Interpolated using data for 2012 and 2017.",
"SH.STA.ANVC.ZS","YR2016","Averages for regions/groups are based on most recent available country-level data (2013-).",
"SH.STA.ARIC.ZS","YR2016","Averages for regions/groups are based on most recent available country-level data (2013-).",
"SP.ADO.TFRT","YR2016","Interpolated using data for 2012 and 2017.",
"SH.STA.BFED.ZS","YR2016","Averages for regions/groups are based on most recent available country-level data (2013-).",
"SP.DYN.AMRT.FE","YR2016","Interpolated using data for 2012 and 2017, if the data source is United Nations World Population Prospects.",
"ER.LND.PTLD.ZS","YR2016","Reflects data that was available in the Protected Planet API in January 2017.",
"ER.MRN.PTMR.ZS","YR2016","Reflects data that was available in the Protected Planet API in January 2017.",
"ER.PTD.TOTL.ZS","YR2016","Reflects data that was available in the Protected Planet API in January 2017.",
"SH.STA.BRTC.ZS","YR2016","Averages for regions/groups are based on most recent available country-level data (2013-).",
"SH.STA.ORCF.ZS","YR2016","Averages for regions/groups are based on most recent available country-level data (2013-).",
"SN.ITK.SALT.ZS","YR2016","Averages for regions/groups are based on most recent available country-level data (2013-).",
"SP.DYN.TO65.MA.ZS","YR2016","Interpolated using data for 2012 and 2017.",
"SP.DYN.AMRT.FE","YR2017","The data refer to 2015-2020, if the data source is United Nations World Population Prospects.",
"SP.DYN.WFRT","YR2017","Averages for regions/groups are based on most recent available country-level data (2013-).",
"SP.ADO.TFRT","YR2017","The data refer to 2015-2020.",
"SH.MLR.TRET.ZS","YR2017","Averages for regions/groups are based on most recent available country-level data (2013-).",
"SH.MLR.NETS.ZS","YR2017","Averages for regions/groups are based on most recent available country-level data (2013-).",
"ER.MRN.PTMR.ZS","YR2017","Reflects data that was available in the Protected Planet API in August 2018.",
"ER.LND.PTLD.ZS","YR2017","Reflects data that was available in the Protected Planet API in August 2018.",
"SP.POP.BRTH.MF","YR2017","The data refer to 2015-2020.",
"SM.POP.NETM","YR2017","The data refer to five-year periods running from 1 July, 2015 to 30 June, 2020.",
"SH.MED.PHYS.ZS","YR2017","Averages for regions/groups are based on most recent available country-level data (2013-).",
"ER.PTD.TOTL.ZS","YR2017","Reflects data that was available in the Protected Planet API in August 2018.",
"SP.DYN.TO65.FE.ZS","YR2017","The data refer to 2015-2020.",
"SP.DYN.AMRT.MA","YR2017","The data refer to 2015-2020, if the data source is United Nations World Population Prospects.",
"SP.DYN.TO65.MA.ZS","YR2017","The data refer to 2015-2020.",
"SP.DYN.CONM.ZS","YR2017","Averages for regions/groups are based on most recent available country-level data (2013-).",
"SP.UWT.TFRT","YR2017","Averages for regions/groups are based on most recent available country-level data (2013-).",
"SP.DYN.CONU.ZS","YR2017","Averages for regions/groups are based on most recent available country-level data (2013-).",
"SP.DYN.AMRT.FE","YR2018","Interpolated using data for 2017 and 2022, if the data source is United Nations World Population Prospects.",
"ER.LND.PTLD.ZS","YR2018","Reflects data that was available in the Protected Planet API in March 2019.",
"ER.MRN.PTMR.ZS","YR2018","Reflects data that was available in the Protected Planet API in March 2019.",
"SP.ADO.TFRT","YR2018","Interpolated using data for 2017 and 2022",
"DT.DOD.PVLX.CD","YR2018","Present value calculations for these countries are for public and publicly guaranteed debt only.",
"SP.POP.BRTH.MF","YR2018","Interpolated using data for 2017 and 2022.",
"SP.DYN.TO65.FE.ZS","YR2018","Interpolated using data for 2017 and 2022.",
"SP.DYN.AMRT.MA","YR2018","Interpolated using data for 2017 and 2022, if the data source is United Nations World Population Prospects.",
"SH.MED.NUMW.P3","YR2018","Averages for regions/groups are based on most recent available country-level data (2013-).",
"SP.DYN.TO65.MA.ZS","YR2018","Interpolated using data for 2017 and 2022.",
"ER.PTD.TOTL.ZS","YR2018","Reflects data that was available in the Protected Planet API in March 2019.",
